timestamp,visitor_hash,page
2026-04-29T07:55:07+00:00,363baea9cba210afac6d7a556fca596e30c46333,stats.php
2026-04-29T07:55:11+00:00,363baea9cba210afac6d7a556fca596e30c46333,stats.php
2026-04-29T08:00:25+00:00,363baea9cba210afac6d7a556fca596e30c46333,recherche.php
2026-04-29T08:00:27+00:00,363baea9cba210afac6d7a556fca596e30c46333,resultats.php
2026-04-29T08:33:07+00:00,4b84b15bff6ee5796152495a230e45e3d7e947d9,index.php
2026-04-29T08:33:51+00:00,4b84b15bff6ee5796152495a230e45e3d7e947d9,index.php
2026-04-29T08:35:19+00:00,363baea9cba210afac6d7a556fca596e30c46333,recherche.php
2026-04-29T08:35:21+00:00,363baea9cba210afac6d7a556fca596e30c46333,recherche.php
2026-04-29T08:36:14+00:00,363baea9cba210afac6d7a556fca596e30c46333,resultats.php
2026-04-29T08:36:18+00:00,363baea9cba210afac6d7a556fca596e30c46333,recherche.php
2026-04-29T08:36:21+00:00,363baea9cba210afac6d7a556fca596e30c46333,recherche.php
2026-04-29T08:36:24+00:00,363baea9cba210afac6d7a556fca596e30c46333,resultats.php
2026-04-29T08:37:46+00:00,4b84b15bff6ee5796152495a230e45e3d7e947d9,resultats.php
2026-04-29T08:37:46+00:00,4b84b15bff6ee5796152495a230e45e3d7e947d9,stats.php
2026-04-29T08:37:46+00:00,4b84b15bff6ee5796152495a230e45e3d7e947d9,recherche.php
2026-04-29T08:38:24+00:00,363baea9cba210afac6d7a556fca596e30c46333,recherche.php
2026-04-29T08:38:29+00:00,363baea9cba210afac6d7a556fca596e30c46333,recherche.php
2026-04-29T08:38:34+00:00,363baea9cba210afac6d7a556fca596e30c46333,recherche.php
2026-04-29T08:38:38+00:00,363baea9cba210afac6d7a556fca596e30c46333,resultats.php
2026-04-29T08:39:35+00:00,4b84b15bff6ee5796152495a230e45e3d7e947d9,resultats.php
2026-04-29T08:39:56+00:00,4b84b15bff6ee5796152495a230e45e3d7e947d9,stats.php
2026-04-29T08:41:29+00:00,363baea9cba210afac6d7a556fca596e30c46333,recherche.php
2026-04-29T08:41:30+00:00,363baea9cba210afac6d7a556fca596e30c46333,stats.php
2026-04-29T08:41:34+00:00,363baea9cba210afac6d7a556fca596e30c46333,tech.php
2026-04-29T08:43:26+00:00,363baea9cba210afac6d7a556fca596e30c46333,resultats.php
2026-04-29T08:43:29+00:00,363baea9cba210afac6d7a556fca596e30c46333,resultats.php
2026-04-29T08:43:30+00:00,363baea9cba210afac6d7a556fca596e30c46333,recherche.php
2026-04-29T08:43:35+00:00,363baea9cba210afac6d7a556fca596e30c46333,recherche.php
2026-04-29T08:43:36+00:00,363baea9cba210afac6d7a556fca596e30c46333,recherche.php
2026-04-29T08:47:18+00:00,363baea9cba210afac6d7a556fca596e30c46333,resultats.php
2026-04-29T08:47:20+00:00,363baea9cba210afac6d7a556fca596e30c46333,recherche.php
2026-04-29T08:47:32+00:00,363baea9cba210afac6d7a556fca596e30c46333,recherche.php
2026-04-29T08:47:33+00:00,363baea9cba210afac6d7a556fca596e30c46333,recherche.php
2026-04-29T08:47:51+00:00,363baea9cba210afac6d7a556fca596e30c46333,resultats.php
2026-04-29T08:51:49+00:00,363baea9cba210afac6d7a556fca596e30c46333,resultats.php
2026-04-29T08:52:02+00:00,363baea9cba210afac6d7a556fca596e30c46333,resultats.php
2026-04-29T08:52:04+00:00,363baea9cba210afac6d7a556fca596e30c46333,recherche.php
2026-04-29T08:52:07+00:00,363baea9cba210afac6d7a556fca596e30c46333,resultats.php
2026-04-29T08:52:21+00:00,363baea9cba210afac6d7a556fca596e30c46333,recherche.php
2026-04-29T08:57:07+00:00,363baea9cba210afac6d7a556fca596e30c46333,resultats.php
2026-04-29T08:57:11+00:00,363baea9cba210afac6d7a556fca596e30c46333,recherche.php
2026-04-29T08:57:16+00:00,363baea9cba210afac6d7a556fca596e30c46333,recherche.php
2026-04-29T08:57:19+00:00,363baea9cba210afac6d7a556fca596e30c46333,recherche.php
2026-04-29T08:57:25+00:00,363baea9cba210afac6d7a556fca596e30c46333,resultats.php
2026-04-29T08:57:30+00:00,363baea9cba210afac6d7a556fca596e30c46333,resultats.php
2026-04-29T08:57:37+00:00,363baea9cba210afac6d7a556fca596e30c46333,resultats.php
2026-04-29T08:57:40+00:00,363baea9cba210afac6d7a556fca596e30c46333,resultats.php
2026-04-29T08:57:41+00:00,363baea9cba210afac6d7a556fca596e30c46333,resultats.php
2026-04-29T08:57:42+00:00,363baea9cba210afac6d7a556fca596e30c46333,resultats.php
2026-04-29T08:57:43+00:00,363baea9cba210afac6d7a556fca596e30c46333,resultats.php
2026-04-29T08:57:44+00:00,363baea9cba210afac6d7a556fca596e30c46333,resultats.php
2026-04-29T08:57:45+00:00,363baea9cba210afac6d7a556fca596e30c46333,resultats.php
2026-04-29T08:57:47+00:00,363baea9cba210afac6d7a556fca596e30c46333,resultats.php
2026-04-29T08:57:48+00:00,363baea9cba210afac6d7a556fca596e30c46333,resultats.php
2026-04-29T08:57:49+00:00,363baea9cba210afac6d7a556fca596e30c46333,resultats.php
2026-04-29T08:57:50+00:00,363baea9cba210afac6d7a556fca596e30c46333,resultats.php
2026-04-29T08:57:51+00:00,363baea9cba210afac6d7a556fca596e30c46333,resultats.php
2026-04-29T08:57:52+00:00,363baea9cba210afac6d7a556fca596e30c46333,resultats.php
2026-04-29T08:57:53+00:00,363baea9cba210afac6d7a556fca596e30c46333,resultats.php
2026-04-29T08:57:54+00:00,363baea9cba210afac6d7a556fca596e30c46333,resultats.php
2026-04-29T08:57:55+00:00,363baea9cba210afac6d7a556fca596e30c46333,resultats.php
2026-04-29T08:57:56+00:00,363baea9cba210afac6d7a556fca596e30c46333,resultats.php
2026-04-29T08:57:57+00:00,363baea9cba210afac6d7a556fca596e30c46333,resultats.php
2026-04-29T08:57:57+00:00,363baea9cba210afac6d7a556fca596e30c46333,resultats.php
2026-04-29T08:57:59+00:00,363baea9cba210afac6d7a556fca596e30c46333,resultats.php
2026-04-29T08:58:00+00:00,363baea9cba210afac6d7a556fca596e30c46333,resultats.php
2026-04-29T08:58:01+00:00,363baea9cba210afac6d7a556fca596e30c46333,resultats.php
2026-04-29T08:58:02+00:00,363baea9cba210afac6d7a556fca596e30c46333,resultats.php
2026-04-29T08:58:03+00:00,363baea9cba210afac6d7a556fca596e30c46333,resultats.php
2026-04-29T08:58:04+00:00,363baea9cba210afac6d7a556fca596e30c46333,resultats.php
2026-04-29T08:58:04+00:00,363baea9cba210afac6d7a556fca596e30c46333,resultats.php
2026-04-29T08:58:06+00:00,363baea9cba210afac6d7a556fca596e30c46333,resultats.php
2026-04-29T08:58:07+00:00,363baea9cba210afac6d7a556fca596e30c46333,resultats.php
2026-04-29T08:58:09+00:00,363baea9cba210afac6d7a556fca596e30c46333,resultats.php
2026-04-29T08:58:13+00:00,363baea9cba210afac6d7a556fca596e30c46333,stats.php
2026-04-29T08:58:25+00:00,363baea9cba210afac6d7a556fca596e30c46333,resultats.php
2026-04-29T08:58:26+00:00,363baea9cba210afac6d7a556fca596e30c46333,resultats.php
2026-04-29T08:59:10+00:00,4b84b15bff6ee5796152495a230e45e3d7e947d9,resultats.php
2026-04-29T08:59:50+00:00,4b84b15bff6ee5796152495a230e45e3d7e947d9,resultats.php
2026-04-29T09:01:35+00:00,363baea9cba210afac6d7a556fca596e30c46333,resultats.php
2026-04-29T09:01:37+00:00,363baea9cba210afac6d7a556fca596e30c46333,tech.php
2026-04-29T09:01:58+00:00,363baea9cba210afac6d7a556fca596e30c46333,resultats.php
2026-04-29T09:02:00+00:00,363baea9cba210afac6d7a556fca596e30c46333,tech.php
2026-04-29T09:04:34+00:00,363baea9cba210afac6d7a556fca596e30c46333,resultats.php
2026-04-29T09:04:36+00:00,363baea9cba210afac6d7a556fca596e30c46333,tech.php
2026-04-29T09:05:11+00:00,4b84b15bff6ee5796152495a230e45e3d7e947d9,tech.php
2026-04-29T09:06:18+00:00,4b84b15bff6ee5796152495a230e45e3d7e947d9,tech.php
2026-04-29T09:06:59+00:00,4b84b15bff6ee5796152495a230e45e3d7e947d9,tech.php
2026-04-29T09:08:01+00:00,363baea9cba210afac6d7a556fca596e30c46333,resultats.php
2026-04-29T09:08:04+00:00,363baea9cba210afac6d7a556fca596e30c46333,tech.php
2026-04-29T09:08:12+00:00,363baea9cba210afac6d7a556fca596e30c46333,stats.php
2026-04-29T09:12:02+00:00,363baea9cba210afac6d7a556fca596e30c46333,resultats.php
2026-04-29T09:12:04+00:00,363baea9cba210afac6d7a556fca596e30c46333,recherche.php
2026-04-29T09:12:07+00:00,363baea9cba210afac6d7a556fca596e30c46333,resultats.php
2026-04-29T09:12:08+00:00,363baea9cba210afac6d7a556fca596e30c46333,stats.php
2026-04-29T09:13:47+00:00,363baea9cba210afac6d7a556fca596e30c46333,resultats.php
2026-04-29T09:13:49+00:00,363baea9cba210afac6d7a556fca596e30c46333,resultats.php
2026-04-29T09:13:50+00:00,363baea9cba210afac6d7a556fca596e30c46333,stats.php
2026-04-29T09:13:51+00:00,363baea9cba210afac6d7a556fca596e30c46333,recherche.php
2026-04-30T18:15:55+00:00,363baea9cba210afac6d7a556fca596e30c46333,resultats.php
2026-04-30T18:16:04+00:00,363baea9cba210afac6d7a556fca596e30c46333,recherche.php
2026-04-30T18:16:11+00:00,363baea9cba210afac6d7a556fca596e30c46333,recherche.php
2026-04-30T18:16:36+00:00,363baea9cba210afac6d7a556fca596e30c46333,stats.php
2026-04-30T18:16:46+00:00,363baea9cba210afac6d7a556fca596e30c46333,resultats.php
2026-04-30T18:17:00+00:00,363baea9cba210afac6d7a556fca596e30c46333,recherche.php
2026-04-30T18:17:06+00:00,363baea9cba210afac6d7a556fca596e30c46333,recherche.php
2026-04-30T18:17:16+00:00,363baea9cba210afac6d7a556fca596e30c46333,recherche.php
2026-04-30T18:17:17+00:00,363baea9cba210afac6d7a556fca596e30c46333,recherche.php
2026-04-30T18:17:21+00:00,363baea9cba210afac6d7a556fca596e30c46333,recherche.php
2026-04-30T18:17:32+00:00,363baea9cba210afac6d7a556fca596e30c46333,resultats.php
2026-04-30T18:17:43+00:00,363baea9cba210afac6d7a556fca596e30c46333,resultats.php
2026-04-30T18:17:59+00:00,363baea9cba210afac6d7a556fca596e30c46333,resultats.php
2026-04-30T18:18:02+00:00,363baea9cba210afac6d7a556fca596e30c46333,sources.php
2026-04-30T18:18:07+00:00,363baea9cba210afac6d7a556fca596e30c46333,confidentialite.php
2026-04-30T18:18:09+00:00,363baea9cba210afac6d7a556fca596e30c46333,plan-site.php
2026-04-30T18:18:17+00:00,363baea9cba210afac6d7a556fca596e30c46333,recherche.php
2026-04-30T18:18:20+00:00,363baea9cba210afac6d7a556fca596e30c46333,index.php
2026-04-30T18:18:35+00:00,363baea9cba210afac6d7a556fca596e30c46333,index.php
2026-04-30T20:29:57+00:00,363baea9cba210afac6d7a556fca596e30c46333,index.php
2026-04-30T20:30:00+00:00,363baea9cba210afac6d7a556fca596e30c46333,index.php
2026-04-30T20:30:04+00:00,363baea9cba210afac6d7a556fca596e30c46333,recherche.php
2026-04-30T20:30:15+00:00,363baea9cba210afac6d7a556fca596e30c46333,recherche.php
2026-04-30T20:48:32+00:00,4b84b15bff6ee5796152495a230e45e3d7e947d9,recherche.php
2026-04-30T20:48:36+00:00,4b84b15bff6ee5796152495a230e45e3d7e947d9,recherche.php
2026-04-30T20:48:46+00:00,4b84b15bff6ee5796152495a230e45e3d7e947d9,"Standard input code"
2026-04-30T20:49:40+00:00,4b84b15bff6ee5796152495a230e45e3d7e947d9,a-propos.php
2026-04-30T20:49:40+00:00,4b84b15bff6ee5796152495a230e45e3d7e947d9,aide.php
2026-04-30T20:49:40+00:00,4b84b15bff6ee5796152495a230e45e3d7e947d9,confidentialite.php
2026-04-30T20:49:40+00:00,4b84b15bff6ee5796152495a230e45e3d7e947d9,index.php
2026-04-30T20:49:40+00:00,4b84b15bff6ee5796152495a230e45e3d7e947d9,plan-site.php
2026-04-30T20:49:40+00:00,4b84b15bff6ee5796152495a230e45e3d7e947d9,recherche.php
2026-04-30T20:49:40+00:00,4b84b15bff6ee5796152495a230e45e3d7e947d9,resultats.php
2026-04-30T20:49:40+00:00,4b84b15bff6ee5796152495a230e45e3d7e947d9,sources.php
2026-04-30T20:49:40+00:00,4b84b15bff6ee5796152495a230e45e3d7e947d9,stats.php
2026-04-30T20:49:40+00:00,4b84b15bff6ee5796152495a230e45e3d7e947d9,tech.php
2026-04-30T20:50:18+00:00,4b84b15bff6ee5796152495a230e45e3d7e947d9,a-propos.php
2026-04-30T20:50:18+00:00,4b84b15bff6ee5796152495a230e45e3d7e947d9,aide.php
2026-04-30T20:50:18+00:00,4b84b15bff6ee5796152495a230e45e3d7e947d9,confidentialite.php
2026-04-30T20:50:18+00:00,4b84b15bff6ee5796152495a230e45e3d7e947d9,index.php
2026-04-30T20:50:18+00:00,4b84b15bff6ee5796152495a230e45e3d7e947d9,plan-site.php
2026-04-30T20:50:18+00:00,4b84b15bff6ee5796152495a230e45e3d7e947d9,recherche.php
2026-04-30T20:50:18+00:00,4b84b15bff6ee5796152495a230e45e3d7e947d9,resultats.php
2026-04-30T20:50:18+00:00,4b84b15bff6ee5796152495a230e45e3d7e947d9,sources.php
2026-04-30T20:50:18+00:00,4b84b15bff6ee5796152495a230e45e3d7e947d9,stats.php
2026-04-30T20:50:18+00:00,4b84b15bff6ee5796152495a230e45e3d7e947d9,tech.php
2026-05-01T15:00:28+00:00,4b84b15bff6ee5796152495a230e45e3d7e947d9,index.php
2026-05-01T15:00:28+00:00,4b84b15bff6ee5796152495a230e45e3d7e947d9,recherche.php
2026-05-01T15:00:28+00:00,4b84b15bff6ee5796152495a230e45e3d7e947d9,resultats.php
2026-05-01T15:00:28+00:00,4b84b15bff6ee5796152495a230e45e3d7e947d9,stats.php
2026-05-01T15:00:28+00:00,4b84b15bff6ee5796152495a230e45e3d7e947d9,plan-site.php
2026-05-01T15:00:28+00:00,4b84b15bff6ee5796152495a230e45e3d7e947d9,sources.php
2026-05-01T15:00:28+00:00,4b84b15bff6ee5796152495a230e45e3d7e947d9,confidentialite.php
2026-05-01T15:00:28+00:00,4b84b15bff6ee5796152495a230e45e3d7e947d9,a-propos.php
2026-05-01T15:00:28+00:00,4b84b15bff6ee5796152495a230e45e3d7e947d9,aide.php
2026-05-01T15:00:29+00:00,4b84b15bff6ee5796152495a230e45e3d7e947d9,tech.php
2026-05-01T15:00:42+00:00,4b84b15bff6ee5796152495a230e45e3d7e947d9,recherche.php
2026-05-01T15:00:44+00:00,4b84b15bff6ee5796152495a230e45e3d7e947d9,resultats.php
2026-05-01T15:00:45+00:00,4b84b15bff6ee5796152495a230e45e3d7e947d9,resultats.php
2026-05-01T15:00:45+00:00,4b84b15bff6ee5796152495a230e45e3d7e947d9,recherche.php
2026-05-01T17:35:12+00:00,363baea9cba210afac6d7a556fca596e30c46333,index.php
2026-05-01T17:35:17+00:00,363baea9cba210afac6d7a556fca596e30c46333,resultats.php
2026-05-01T17:35:21+00:00,363baea9cba210afac6d7a556fca596e30c46333,recherche.php
2026-05-01T17:35:25+00:00,363baea9cba210afac6d7a556fca596e30c46333,recherche.php
2026-05-01T17:51:56+00:00,4b84b15bff6ee5796152495a230e45e3d7e947d9,index.php
2026-05-01T17:51:56+00:00,4b84b15bff6ee5796152495a230e45e3d7e947d9,recherche.php
2026-05-01T17:51:57+00:00,4b84b15bff6ee5796152495a230e45e3d7e947d9,resultats.php
2026-05-01T17:51:57+00:00,4b84b15bff6ee5796152495a230e45e3d7e947d9,stats.php
2026-05-01T17:51:57+00:00,4b84b15bff6ee5796152495a230e45e3d7e947d9,sources.php
2026-05-01T17:51:57+00:00,4b84b15bff6ee5796152495a230e45e3d7e947d9,plan-site.php
2026-05-01T17:51:57+00:00,4b84b15bff6ee5796152495a230e45e3d7e947d9,confidentialite.php
2026-05-01T17:51:57+00:00,4b84b15bff6ee5796152495a230e45e3d7e947d9,a-propos.php
2026-05-01T17:51:57+00:00,4b84b15bff6ee5796152495a230e45e3d7e947d9,aide.php
2026-05-01T17:51:57+00:00,4b84b15bff6ee5796152495a230e45e3d7e947d9,tech.php
2026-05-02T09:49:17+00:00,4b84b15bff6ee5796152495a230e45e3d7e947d9,index.php
2026-05-02T09:49:17+00:00,4b84b15bff6ee5796152495a230e45e3d7e947d9,recherche.php
2026-05-02T09:49:18+00:00,4b84b15bff6ee5796152495a230e45e3d7e947d9,resultats.php
2026-05-02T09:49:18+00:00,4b84b15bff6ee5796152495a230e45e3d7e947d9,stats.php
2026-05-02T09:49:18+00:00,4b84b15bff6ee5796152495a230e45e3d7e947d9,sources.php
2026-05-02T09:49:18+00:00,4b84b15bff6ee5796152495a230e45e3d7e947d9,plan-site.php
2026-05-02T09:49:18+00:00,4b84b15bff6ee5796152495a230e45e3d7e947d9,confidentialite.php
2026-05-02T09:49:18+00:00,4b84b15bff6ee5796152495a230e45e3d7e947d9,a-propos.php
2026-05-02T09:49:18+00:00,4b84b15bff6ee5796152495a230e45e3d7e947d9,aide.php
2026-05-02T09:49:18+00:00,4b84b15bff6ee5796152495a230e45e3d7e947d9,tech.php
2026-05-02T12:38:07+00:00,4b84b15bff6ee5796152495a230e45e3d7e947d9,resultats.php
2026-05-02T12:38:37+00:00,363baea9cba210afac6d7a556fca596e30c46333,favicon.ico
2026-05-02T12:39:00+00:00,363baea9cba210afac6d7a556fca596e30c46333,stats.php
2026-05-02T12:39:03+00:00,363baea9cba210afac6d7a556fca596e30c46333,resultats.php
2026-05-02T12:39:06+00:00,363baea9cba210afac6d7a556fca596e30c46333,recherche.php
2026-05-02T12:39:07+00:00,363baea9cba210afac6d7a556fca596e30c46333,recherche.php
2026-05-02T12:39:12+00:00,363baea9cba210afac6d7a556fca596e30c46333,recherche.php
2026-05-02T12:39:16+00:00,363baea9cba210afac6d7a556fca596e30c46333,resultats.php
2026-05-02T12:44:01+00:00,363baea9cba210afac6d7a556fca596e30c46333,stats.php
2026-05-02T12:44:17+00:00,363baea9cba210afac6d7a556fca596e30c46333,resultats.php
2026-05-02T12:44:20+00:00,363baea9cba210afac6d7a556fca596e30c46333,recherche.php
2026-05-02T12:53:38+00:00,363baea9cba210afac6d7a556fca596e30c46333,recherche.php
2026-05-02T12:55:48+00:00,363baea9cba210afac6d7a556fca596e30c46333,recherche.php
2026-05-02T12:55:50+00:00,363baea9cba210afac6d7a556fca596e30c46333,index.php
2026-05-02T13:03:42+00:00,4b84b15bff6ee5796152495a230e45e3d7e947d9,index.php
2026-05-02T13:04:14+00:00,363baea9cba210afac6d7a556fca596e30c46333,index.php
2026-05-02T13:04:51+00:00,363baea9cba210afac6d7a556fca596e30c46333,index.php
2026-05-02T13:05:18+00:00,363baea9cba210afac6d7a556fca596e30c46333,index.php
2026-05-02T13:06:05+00:00,363baea9cba210afac6d7a556fca596e30c46333,index.php
2026-05-02T13:07:23+00:00,363baea9cba210afac6d7a556fca596e30c46333,index.php
2026-05-02T13:12:25+00:00,4b84b15bff6ee5796152495a230e45e3d7e947d9,index.php
2026-05-02T13:12:37+00:00,363baea9cba210afac6d7a556fca596e30c46333,index.php
2026-05-02T13:13:26+00:00,363baea9cba210afac6d7a556fca596e30c46333,resultats.php
2026-05-02T13:15:51+00:00,4b84b15bff6ee5796152495a230e45e3d7e947d9,index.php
2026-05-02T13:16:04+00:00,363baea9cba210afac6d7a556fca596e30c46333,index.php
2026-05-02T13:17:39+00:00,363baea9cba210afac6d7a556fca596e30c46333,index.php
2026-05-02T13:17:43+00:00,363baea9cba210afac6d7a556fca596e30c46333,resultats.php
2026-05-02T13:22:34+00:00,363baea9cba210afac6d7a556fca596e30c46333,index.php
2026-05-02T13:22:42+00:00,363baea9cba210afac6d7a556fca596e30c46333,resultats.php
2026-05-02T13:22:47+00:00,363baea9cba210afac6d7a556fca596e30c46333,recherche.php
2026-05-02T13:22:51+00:00,363baea9cba210afac6d7a556fca596e30c46333,recherche.php
2026-05-02T13:25:09+00:00,4b84b15bff6ee5796152495a230e45e3d7e947d9,index.php
2026-05-02T13:25:09+00:00,4b84b15bff6ee5796152495a230e45e3d7e947d9,recherche.php
2026-05-02T13:25:09+00:00,4b84b15bff6ee5796152495a230e45e3d7e947d9,resultats.php
2026-05-02T13:25:09+00:00,4b84b15bff6ee5796152495a230e45e3d7e947d9,stats.php
2026-05-02T13:25:09+00:00,4b84b15bff6ee5796152495a230e45e3d7e947d9,sources.php
2026-05-02T13:25:09+00:00,4b84b15bff6ee5796152495a230e45e3d7e947d9,plan-site.php
2026-05-02T13:25:09+00:00,4b84b15bff6ee5796152495a230e45e3d7e947d9,confidentialite.php
2026-05-02T13:25:09+00:00,4b84b15bff6ee5796152495a230e45e3d7e947d9,a-propos.php
2026-05-02T13:25:09+00:00,4b84b15bff6ee5796152495a230e45e3d7e947d9,aide.php
2026-05-02T13:25:10+00:00,4b84b15bff6ee5796152495a230e45e3d7e947d9,tech.php
2026-05-02T13:32:13+00:00,4b84b15bff6ee5796152495a230e45e3d7e947d9,index.php
2026-05-02T15:50:23+00:00,363baea9cba210afac6d7a556fca596e30c46333,index.php
2026-05-02T16:00:03+00:00,4b84b15bff6ee5796152495a230e45e3d7e947d9,resultats.php
2026-05-02T16:01:53+00:00,4b84b15bff6ee5796152495a230e45e3d7e947d9,stats.php
2026-05-02T16:01:53+00:00,4b84b15bff6ee5796152495a230e45e3d7e947d9,index.php
2026-05-02T16:01:55+00:00,4b84b15bff6ee5796152495a230e45e3d7e947d9,recherche.php
2026-05-02T16:07:20+00:00,4b84b15bff6ee5796152495a230e45e3d7e947d9,aide.php
2026-05-02T16:07:21+00:00,4b84b15bff6ee5796152495a230e45e3d7e947d9,plan-site.php
2026-05-02T16:07:22+00:00,4b84b15bff6ee5796152495a230e45e3d7e947d9,a-propos.php
2026-05-02T16:07:22+00:00,4b84b15bff6ee5796152495a230e45e3d7e947d9,confidentialite.php
2026-05-02T16:07:31+00:00,4b84b15bff6ee5796152495a230e45e3d7e947d9,tech.php
2026-05-02T16:07:43+00:00,4b84b15bff6ee5796152495a230e45e3d7e947d9,sources.php
2026-05-02T16:13:59+00:00,363baea9cba210afac6d7a556fca596e30c46333,index.php
2026-05-02T16:14:01+00:00,363baea9cba210afac6d7a556fca596e30c46333,index.php
2026-05-02T16:15:50+00:00,363baea9cba210afac6d7a556fca596e30c46333,index.php
2026-05-02T16:15:53+00:00,363baea9cba210afac6d7a556fca596e30c46333,index.php
2026-05-02T16:16:44+00:00,363baea9cba210afac6d7a556fca596e30c46333,index.php
2026-05-02T16:20:53+00:00,363baea9cba210afac6d7a556fca596e30c46333,index.php
2026-05-02T16:21:25+00:00,363baea9cba210afac6d7a556fca596e30c46333,index.php
2026-05-02T16:21:26+00:00,363baea9cba210afac6d7a556fca596e30c46333,index.php
2026-05-02T16:21:30+00:00,363baea9cba210afac6d7a556fca596e30c46333,index.php
2026-05-02T16:21:36+00:00,363baea9cba210afac6d7a556fca596e30c46333,recherche.php
2026-05-02T16:25:51+00:00,363baea9cba210afac6d7a556fca596e30c46333,index.php
2026-05-02T16:26:17+00:00,363baea9cba210afac6d7a556fca596e30c46333,index.php
2026-05-03T12:31:51+00:00,363baea9cba210afac6d7a556fca596e30c46333,tech.php
2026-05-03T19:50:41+00:00,v3_321,favicon.ico
2026-05-03T19:51:56+00:00,v3_321,index.php
2026-05-03T19:51:58+00:00,v3_321,index.php
2026-05-03T19:52:02+00:00,v3_321,resultats.php
2026-05-03T19:52:05+00:00,v3_321,recherche.php
2026-05-03T19:52:06+00:00,v3_321,index.php
2026-05-03T20:01:18+00:00,v3_321,index.php
2026-05-03T20:01:20+00:00,v3_321,index.php
2026-05-03T20:01:20+00:00,v3_321,index.php
2026-05-03T20:01:28+00:00,v3_321,a-propos.php
2026-05-03T20:01:31+00:00,v3_321,recherche.php
2026-05-03T20:01:39+00:00,v3_321,resultats.php
2026-05-03T20:01:54+00:00,v3_321,stats.php
2026-05-03T20:01:54+00:00,v3_321,stats.php
2026-05-03T20:02:05+00:00,v3_321,aide.php
2026-05-03T20:02:09+00:00,v3_321,sources.php
2026-05-03T20:02:11+00:00,v3_321,confidentialite.php
2026-05-03T20:02:14+00:00,v3_321,plan-site.php
2026-05-03T20:02:18+00:00,v3_321,tech.php
2026-05-03T20:02:18+00:00,v3_321,favicon.ico
2026-05-03T20:02:33+00:00,v3_321,plan-site.php
2026-05-03T20:02:36+00:00,v3_321,tech.php
2026-05-03T20:02:36+00:00,v3_321,favicon.ico
2026-05-03T20:04:01+00:00,v3_321,index.php
2026-05-03T20:04:03+00:00,v3_321,tech.php
2026-05-03T20:05:50+00:00,v9_2159,stats.php
2026-05-03T20:05:51+00:00,v9_2159,resultats.php
2026-05-03T20:05:52+00:00,v9_2159,index.php
2026-05-03T20:05:52+00:00,v9_2159,recherche.php
2026-05-03T20:06:02+00:00,v9_2159,confidentialite.php
2026-05-03T20:06:03+00:00,v9_2159,plan-site.php
2026-05-03T20:06:03+00:00,v9_2159,aide.php
2026-05-03T20:06:04+00:00,v9_2159,a-propos.php
2026-05-03T20:06:11+00:00,v9_2159,tech.php
2026-05-03T20:06:12+00:00,v9_2159,sources.php
2026-05-03T20:07:39+00:00,v3_321,confidentialite.php
2026-05-03T20:07:40+00:00,v3_321,stats.php
2026-05-03T20:07:42+00:00,v3_321,stats.php
2026-05-03T20:07:46+00:00,v3_321,stats.php
2026-05-03T20:07:50+00:00,v3_321,index.php
2026-05-04T12:37:15+00:00,v3_321,tech.php
